{
  "metadata": {
    "name": "Jjwxc-repo duongden💰✅",
    "author": "Moleys",
    "version": 44,
    "source": "http://www.jjwxc.net",
    "regexp": "(www.|my.|m.)?jjwxc.net/(onebook|book2)(.*?)",
    "description": "Đọc truyện trên trang http://www.jjwxc.net - Đọc chương VIP bằng cách nhập token trong Mã bổ sung",
    "locale": "zh_CN",
    "language": "javascript",
    "type": "chinese_novel",
    "encrypt": true
  },
  "script": {
    "home": "home.js",
    "detail": "detail.js",
    "toc": "toc.js",
    "genre": "genre.js",
    "search": "search.js",
    "chap": "chap.js"
  },
  "config": {
    "JJWXC_TOKEN": {
      "title": "JJWXC Token",
      "mode": "input",
      "format": "text"
    }
  }
}